Date,DIA,EEM,GLD,IWM,IYR,QQQ,SPY,TLT,USO
2022-01-03,355.03692626953125,47.67947769165039,168.3300018310547,220.68026733398438,111.01288604736328,398.12506103515625,466.5633239746094,139.1970977783203,54.83000183105469
2022-01-04,357.1632995605469,47.514732360839844,169.57000732421875,220.34722900390625,110.8010025024414,392.961181640625,466.4070739746094,138.61831665039062,55.59000015258789
2022-01-05,353.4932861328125,46.73945617675781,169.05999755859375,212.8841552734375,107.51665496826172,380.8890075683594,457.4510498046875,137.86593627929688,55.43000030517578
2022-01-06,351.8428039550781,46.952659606933594,166.99000549316406,214.0986328125,107.49739074707031,380.6213684082031,457.02130126953125,138.2227783203125,56.88999938964844
2022-01-07,351.76513671875,47.379058837890625,167.75,211.62071228027344,106.7750244140625,376.4981689453125,455.2144470214844,137.22921752929688,56.66999816894531
2022-01-10,350.289306640625,47.379058837890625,168.25999450683594,210.88616943359375,106.23565673828125,376.7459716796875,454.6479797363281,137.56686401367188,56.15999984741211
2022-01-11,351.9883728027344,48.47414016723633,170.2899932861328,213.12901306152344,106.5053482055664,382.40545654296875,458.7890625,138.48329162597656,58.15999984741211
2022-01-12,352.3864440917969,49.27848434448242,170.74000549316406,211.5423583984375,106.61128997802734,383.9219055175781,460.0294189453125,137.95274353027344,58.90999984741211
2022-01-13,350.6873779296875,48.58073806762695,170.16000366210938,209.60313415527344,106.274169921875,374.3176574707031,453.69085693359375,139.17779541015625,58.27000045776367
2022-01-14,348.6873779296875,48.56135559082031,169.6699981689453,209.89694213867188,105.26287078857422,376.6468505859375,453.8764343261719,137.07493591308594,59.970001220703125
2022-01-18,343.5512390136719,47.69886016845703,169.38999938964844,203.55038452148438,104.31897735595703,367.27056884765625,445.8384704589844,135.14566040039062,60.970001220703125
2022-01-19,340.1531066894531,47.90237045288086,172.0800018310547,200.24000549316406,103.00909423828125,363.236572265625,441.2090759277344,136.08131408691406,61.04999923706055
2022-01-20,337.2209777832031,48.183406829833984,171.64999389648438,196.61618041992188,101.72810363769531,358.5187683105469,436.32574462890625,136.92056274414062,60.65999984741211
2022-01-21,332.63311767578125,47.48565673828125,171.08999633789062,192.93362426757812,101.48731994628906,348.5774841308594,427.7604064941406,138.55081176757812,60.779998779296875
2022-01-24,334.05169677734375,46.816986083984375,172.02999877929688,197.38014221191406,101.65104675292969,350.1732482910156,429.57696533203125,137.41253662109375,60.11000061035156
2022-01-25,333.2257080078125,46.729766845703125,172.5800018310547,194.74549865722656,101.18873596191406,342.05572509765625,424.332275390625,137.190673828125,60.970001220703125
2022-01-26,331.7683410644531,46.138614654541016,169.7899932861328,191.93460083007812,99.55138397216797,341.5205078125,423.2677307128906,135.53150939941406,61.68000030517578
2022-01-27,331.855712890625,45.605613708496094,167.60000610351562,187.5762481689453,98.05850219726562,338.08123779296875,421.1776123046875,138.020263671875,61.86000061035156
2022-01-28,337.2579345703125,45.82850646972656,167.10000610351562,191.22943115234375,101.1116943359375,348.6864929199219,431.63775634765625,138.0684814453125,61.970001220703125
2022-01-31,341.11529541015625,47.330604553222656,168.08999633789062,197.09609985351562,102.65274047851562,359.8369140625,439.4120178222656,137.3546600341797,62.47999954223633
2022-02-01,343.8941345214844,47.621334075927734,168.22999572753906,199.1724395751953,102.08447265625,362.2850646972656,442.381103515625,136.89871215820312,62.529998779296875
2022-02-02,345.9248352050781,47.54380798339844,168.83999633789062,197.1940155029297,103.50030517578125,365.2287902832031,446.67840576171875,137.3623809814453,62.52000045776367
2022-02-03,341.0181579589844,47.03987503051758,168.60000610351562,193.46250915527344,102.20006561279297,350.4210510253906,436.1792297363281,136.2901153564453,63.5099983215332
2022-02-04,340.9112854003906,47.15616989135742,168.86000061035156,194.2949981689453,101.25616455078125,354.8415832519531,438.2302551269531,134.28091430664062,64.91000366210938
2022-02-07,340.9403991699219,47.059261322021484,170.11000061035156,195.25479125976562,101.08280181884766,351.987060546875,436.8238525390625,134.36782836914062,64.68000030517578
2022-02-08,344.47711181640625,47.514732360839844,170.6300048828125,198.5847930908203,100.55306243896484,355.94171142578125,440.41796875,133.46946716308594,63.619998931884766
2022-02-09,347.51824951171875,48.26093673706055,171.2100067138672,202.3555145263672,102.85499572753906,363.484375,446.8639831542969,133.72064208984375,64.16999816894531
2022-02-10,342.54351806640625,47.941131591796875,170.55999755859375,199.25079345703125,100.28338623046875,355.2578430175781,438.8358154296875,131.59548950195312,63.959999084472656
2022-02-11,337.4328918457031,47.21431350708008,173.80999755859375,197.23321533203125,99.24317169189453,343.9884338378906,430.1824951171875,133.5467529296875,65.73999786376953
2022-02-14,336.0726623535156,46.88481903076172,174.74000549316406,196.54762268066406,98.31855010986328,344.41461181640625,428.77606201171875,131.88526916503906,66.36000061035156
2022-02-15,340.2796936035156,47.90237045288086,173.0800018310547,201.8168182373047,99.0698013305664,352.9781799316406,435.69091796875,130.38800048828125,64.27999877929688
2022-02-16,339.7453308105469,48.251243591308594,174.86000061035156,202.2379913330078,99.39727783203125,352.8890380859375,436.1792297363281,131.16075134277344,63.540000915527344
2022-02-17,333.92535400390625,47.68916702270508,177.25,197.05691528320312,98.280029296875,342.3927307128906,426.86181640625,132.1364288330078,64.16999816894531
2022-02-18,331.80303955078125,47.21431350708008,177.1199951171875,195.36256408691406,97.7695541381836,338.48760986328125,424.0978698730469,133.5274658203125,64.73999786376953
2022-02-22,326.9667663574219,46.54563522338867,177.49000549316406,192.6103973388672,97.26870727539062,335.08795166015625,419.546630859375,133.8751678466797,65.54000091552734
2022-02-23,322.59765625,46.00294876098633,178.2899932861328,189.00616455078125,95.5542984008789,326.50457763671875,412.10443115234375,132.03016662597656,66.23999786376953
2022-02-24,323.3955383300781,45.0532341003418,177.13999938964844,193.96197509765625,97.24945068359375,337.4765930175781,418.3062744140625,132.1171112060547,66.33999633789062
2022-02-25,331.3749084472656,45.88665008544922,176.5500030517578,198.3301544189453,99.58991241455078,342.7098693847656,427.53570556640625,132.2137451171875,65.80000305175781
2022-02-28,330.2071533203125,45.28581619262695,178.3800048828125,199.13327026367188,97.94292449951172,343.73077392578125,426.44189453125,135.1116485595703,67.4800033569336
2022-03-01,324.1935729980469,44.684974670410156,181.6199951171875,195.3821258544922,97.69248962402344,338.4677734375,419.94708251953125,136.67376708984375,71.81999969482422
2022-03-02,329.8763732910156,44.76250076293945,179.72999572753906,200.03433227539062,99.37801361083984,344.14703369140625,427.6725158691406,132.00189208984375,75.41999816894531
2022-03-03,329.0297546386719,44.13259506225586,180.8000030517578,197.66416931152344,100.19669342041016,339.2309875488281,425.5433044433594,133.34640502929688,74.52999877929688
2022-03-04,327.41436767578125,43.24102020263672,183.67999267578125,194.5692138671875,100.68790435791016,334.3148193359375,422.0859375,135.6484375,79.45999908447266
2022-03-07,319.62969970703125,41.62263488769531,186.41000366210938,189.73094177246094,98.62676239013672,321.98492431640625,409.6431884765625,134.6134796142578,82.37000274658203
2022-03-08,317.7419738769531,41.75830841064453,191.50999450683594,190.77891540527344,98.0777587890625,320.48828125,406.53741455078125,133.2593536376953,85.43000030517578
2022-03-09,324.4270324707031,42.94060516357422,185.82000732421875,196.15586853027344,99.64769744873047,332.0252685546875,417.43701171875,131.9535369873047,75.47000122070312
2022-03-10,323.1717529296875,42.136253356933594,186.39999389648438,195.80328369140625,99.88848876953125,328.3382263183594,415.5520324707031,130.0576934814453,74.05999755859375
2022-03-11,321.1379699707031,41.25437927246094,185.08999633789062,192.678955078125,99.050537109375,321.52899169921875,410.26824951171875,130.49298095703125,76.4000015258789
2022-03-14,321.18670654296875,40.2562141418457,182.3000030517578,188.7417449951172,98.34745025634766,315.35418701171875,407.2699279785156,127.44612884521484,72.83999633789062
2022-03-15,327.14190673828125,40.314353942871094,178.88999938964844,191.74853515625,99.03128814697266,325.245849609375,416.2259826660156,127.22364044189453,68.62999725341797
2022-03-16,332.1728515625,43.56082534790039,180.00999450683594,197.78167724609375,100.27375030517578,337.3081359863281,425.4554443359375,128.47142028808594,68.27999877929688
2022-03-17,336.15277099609375,43.33793640136719,180.88999938964844,200.8863983154297,101.73773956298828,341.39166259765625,430.7782897949219,127.5138168334961,73.68000030517578
2022-03-18,338.60260009765625,43.958152770996094,179.3000030517578,203.00192260742188,101.93036651611328,348.3792724609375,435.4964904785156,129.0711212158203,74.63999938964844
2022-03-21,336.8958740234375,43.279788970947266,180.6699981689453,201.20960998535156,101.39099884033203,347.41070556640625,435.3691711425781,126.08226013183594,79.54000091552734
2022-03-22,339.52911376953125,44.064754486083984,179.36000061035156,203.22718811035156,101.67031860351562,354.23822021484375,440.4635925292969,124.46693420410156,78.55999755859375
2022-03-23,334.9160461425781,43.774024963378906,181.80999755859375,199.70130920410156,100.57233428955078,349.1473693847656,434.79107666015625,127.19462585449219,81.94999694824219
2022-03-24,338.47576904296875,44.00660705566406,183.1300048828125,201.9976348876953,101.21356201171875,356.90771484375,441.34527587890625,126.19831848144531,79.75
2022-03-25,339.919189453125,43.65773391723633,182.3800048828125,202.2724151611328,102.39348602294922,356.6100158691406,443.50067138671875,124.4476089477539,80.73999786376953
2022-03-28,340.845703125,43.803096771240234,179.05999755859375,202.34112548828125,103.5540771484375,362.12762451171875,446.6552734375,125.5115966796875,74.52999877929688
2022-03-29,344.2396545410156,44.54930114746094,179.13999938964844,207.75807189941406,106.50393676757812,368.3597717285156,452.1808166503906,126.45952606201172,76.1500015258789
2022-03-30,343.4106750488281,44.423316955566406,180.5800018310547,203.58740234375,105.77855682373047,364.291015625,449.3886413574219,127.44612884521484,77.91000366210938
2022-03-31,338.25146484375,43.75464630126953,180.64999389648438,201.43829345703125,104.66632843017578,359.77569580078125,442.47198486328125,127.75566864013672,74.12000274658203
2022-04-01,339.40234375,44.481468200683594,179.5,203.69534301757812,106.41688537597656,359.0909729003906,443.7259826660156,128.24192810058594,74.16999816894531
2022-04-04,340.60186767578125,45.26642990112305,180.3699951171875,204.0290069580078,106.03001403808594,366.4841613769531,447.5272216796875,127.3507080078125,76.86000061035156
2022-04-05,337.7736511230469,44.43301010131836,179.24000549316406,199.2008514404297,105.68183898925781,358.3466796875,441.8743591308594,124.47354125976562,74.80000305175781
2022-04-06,336.22296142578125,43.85155487060547,179.66000366210938,196.37460327148438,106.91981506347656,350.56646728515625,437.4559020996094,123.4660415649414,73.05000305175781
2022-04-07,337.41278076171875,43.50267791748047,180.33999633789062,195.7367401123047,106.1170654296875,351.40008544921875,439.6602478027344,122.53604888916016,73.11000061035156
2022-04-08,338.7781677246094,43.54144287109375,181.47000122070312,194.17640686035156,106.2427978515625,346.48779296875,438.484619140625,121.2088851928711,74.11000061035156
2022-04-11,334.7113342285156,42.998748779296875,182.3699951171875,192.87124633789062,105.06285095214844,338.2908020019531,430.9898681640625,119.290771484375,72.30000305175781
2022-04-12,333.7555236816406,42.863075256347656,183.77000427246094,193.4796600341797,104.83073425292969,336.8617858886719,429.3929748535156,119.12609100341797,75.9800033569336
2022-04-13,337.2079772949219,43.42515182495117,184.64999389648438,197.15968322753906,105.4497299194336,343.7091369628906,434.31109619140625,119.36827850341797,78.41999816894531
2022-04-14,335.89678955078125,42.863075256347656,184.0399932861328,195.24607849121094,104.93711853027344,335.84954833984375,428.9031066894531,116.9754867553711,79.56999969482422
2022-04-18,335.7113342285156,42.717716217041016,184.61000061035156,193.9310760498047,104.55992889404297,336.1075744628906,429.0794372558594,116.39424133300781,80.41000366210938
2022-04-19,340.6089172363281,42.504512786865234,181.82000732421875,197.79754638671875,106.7553939819336,343.6198425292969,436.00592041015625,115.52238464355469,76.86000061035156
2022-04-20,342.9602355957031,42.25254440307617,182.7100067138672,198.5531768798828,108.68971252441406,338.60833740234375,435.6826171875,117.84735107421875,77.23999786376953
2022-04-21,339.2333068847656,41.43850326538086,182.05999755859375,194.10772705078125,107.82894134521484,331.6021728515625,429.1676330566406,116.9754867553711,78.12000274658203
2022-04-22,330.0234375,41.07025146484375,180.2899932861328,189.0832977294922,105.96231842041016,322.91888427734375,417.3916320800781,116.23924255371094,76.30999755859375
2022-04-25,332.25762939453125,40.769832611083984,177.0500030517578,190.23146057128906,105.6044692993164,327.0670166015625,419.8115234375,117.40174102783203,74.6500015258789
2022-04-26,324.3453674316406,39.878265380859375,177.32000732421875,184.2355194091797,103.8829345703125,314.72186279296875,407.6534118652344,118.58360290527344,76.45999908447266
2022-04-27,324.9112548828125,40.34342956542969,175.97999572753906,183.47007751464844,103.2639389038086,314.3447570800781,408.7996520996094,117.06268310546875,76.37000274658203
2022-04-28,331.0186767578125,40.92488479614258,176.92999267578125,186.89492797851562,105.18859100341797,325.5090026855469,419.1257019042969,117.2370376586914,78.08000183105469
2022-04-29,321.6526794433594,41.07025146484375,176.91000366210938,181.49758911132812,100.34310150146484,310.8615417480469,403.6365966796875,115.71612548828125,77.16000366210938
2022-05-02,322.677001953125,41.01210403442383,173.6300048828125,183.40138244628906,97.8671646118164,316.0516662597656,406.0663146972656,113.71033477783203,78.37999725341797
2022-05-03,323.17462158203125,41.312522888183594,174.08999633789062,184.97152709960938,99.33724975585938,316.38909912109375,407.9277038574219,114.47693634033203,76.69000244140625
2022-05-04,332.2869873046875,41.75830841064453,175.8000030517578,189.90762329101562,100.4301528930664,327.0868835449219,420.350341796875,115.10767364501953,80.22000122070312
2022-05-05,322.1893005371094,40.21744918823242,175.1300048828125,182.20416259765625,97.80913543701172,310.6134338378906,405.4098815917969,111.95391845703125,80.4800033569336
2022-05-06,321.04779052734375,39.66506576538086,175.4199981689453,179.1718292236328,96.55183410644531,306.89202880859375,402.9900207519531,110.30425262451172,82.12999725341797
2022-05-09,314.7355041503906,38.52153015136719,172.8800048828125,171.63519287109375,92.46073150634766,294.8843078613281,390.0874328613281,111.27464294433594,76.56999969482422
2022-05-10,313.9842224121094,38.705657958984375,171.4199981689453,171.68426513671875,90.67147064208984,298.466796875,390.9887390136719,112.28385162353516,74.52999877929688
2022-05-11,310.6964416503906,38.43431091308594,172.82000732421875,167.41546630859375,90.47804260253906,289.6147766113281,384.77740478515625,114.44783020019531,78.18000030517578
2022-05-12,309.8963928222656,38.18234634399414,170.1699981689453,169.37814331054688,91.12605285644531,288.9300537109375,384.3757629394531,114.23434448242188,79.2300033569336
2022-05-13,314.37451171875,39.2386589050293,168.7899932861328,174.7460174560547,93.5923080444336,299.6377868652344,393.5653076171875,112.54586029052734,81.27999877929688
2022-05-16,314.9111022949219,39.0836067199707,170.39999389648438,173.91188049316406,92.97332000732422,296.1644592285156,391.9684143066406,112.42941284179688,83.11000061035156
2022-05-17,319.1257629394531,40.04301071166992,169.3300018310547,179.23072814941406,94.00818634033203,303.83551025390625,400.0313415527344,111.07086944580078,81.11000061035156
2022-05-18,307.8573913574219,39.0836067199707,169.4199981689453,172.9501953125,91.29045867919922,288.92010498046875,383.90545654296875,113.43861389160156,79.29000091552734
2022-05-19,305.5451354980469,39.703826904296875,171.91000366210938,173.23477172851562,91.0680160522461,287.37200927734375,381.5541687011719,113.71033477783203,80.58000183105469
2022-05-20,305.53045654296875,39.86857223510742,172.02999877929688,172.79318237304688,91.7643814086914,286.4788513183594,381.72076416015625,115.00093841552734,81.6500015258789
2022-05-23,311.8088684082031,40.16899108886719,172.8300018310547,174.88340759277344,92.88628387451172,291.2422790527344,388.8627624511719,113.10868072509766,81.97000122070312
2022-05-24,312.3467712402344,39.47124099731445,174.1300048828125,172.29269409179688,93.77606964111328,285.0498352050781,385.894287109375,115.3405990600586,82.0
2022-05-25,314.195068359375,39.66506576538086,173.0800018310547,175.39369201660156,94.44341278076172,289.0391845703125,389.3036193847656,115.7966537475586,82.4800033569336
2022-05-26,319.2511291503906,40.285282135009766,172.75999450683594,179.30921936035156,94.53045654296875,297.04766845703125,397.0824279785156,115.27264404296875,84.58999633789062
2022-05-27,324.7471618652344,40.75044631958008,172.85000610351562,184.1373748779297,97.06442260742188,306.7431945800781,406.8304748535156,115.55406951904297,85.45999908447266
2022-05-31,322.91839599609375,41.32221221923828,171.13999938964844,181.8508758544922,95.88449096679688,305.9294128417969,404.5477600097656,113.10868072509766,85.47000122070312
2022-06-01,321.1189270019531,41.03148651123047,172.22999572753906,180.82044982910156,95.03338623046875,303.66680908203125,401.2755432128906,112.97938537597656,85.54000091552734
2022-06-02,325.4317321777344,41.73892593383789,174.35000610351562,185.23646545410156,96.40675354003906,311.98291015625,408.917236328125,113.03772735595703,87.25
2022-06-03,322.0871276855469,41.0605583190918,172.5800018310547,183.5681915283203,95.12042999267578,303.86529541015625,402.20623779296875,112.79469299316406,89.47000122070312
2022-06-06,322.1849670410156,41.283451080322266,171.82000732421875,184.3630828857422,94.79158782958984,304.8775329589844,403.430908203125,110.71435546875,88.38999938964844
2022-06-07,324.84490966796875,41.4094352722168,172.94000244140625,187.33651733398438,96.05857849121094,307.50726318359375,407.3006896972656,111.91004943847656,90.04000091552734
2022-06-08,322.1164855957031,41.63232421875,172.77999877929688,184.44158935546875,93.85344696044922,305.2943420410156,402.8724670410156,110.91848754882812,91.98999786376953
2022-06-09,315.877197265625,40.647178649902344,172.22999572753906,180.61810302734375,91.771484375,297.11712646484375,393.291015625,111.28791809082031,91.08000183105469
2022-06-10,307.4375,40.19760513305664,174.5399932861328,175.71815490722656,89.75260925292969,286.6376647949219,381.8872985839844,110.59769439697266,90.12999725341797
2022-06-13,298.84130859375,38.790245056152344,169.92999267578125,167.46307373046875,85.32660675048828,273.31005859375,367.3877258300781,107.12723541259766,90.36000061035156
2022-06-14,297.5895080566406,39.327781677246094,168.57000732421875,166.65628051757812,84.6568832397461,273.8062438964844,366.2806701660156,105.7760009765625,88.44999694824219
2022-06-15,300.4549560546875,39.845767974853516,170.77000427246094,169.0963897705078,86.56900024414062,280.6437072753906,371.5024719238281,107.74940490722656,86.93000030517578
2022-06-16,293.2865905761719,38.62410354614258,172.69000244140625,161.26437377929688,84.39482116699219,269.3207092285156,359.20721435546875,108.60486602783203,87.66000366210938
2022-06-17,292.8081970214844,38.77069854736328,171.27000427246094,162.52381896972656,85.0839614868164,272.59552001953125,359.9815673828125,108.95481872558594,83.33999633789062
2022-06-21,299.2481689453125,39.39619445800781,170.6300048828125,165.4362030029297,86.4136962890625,279.4730224609375,369.0436096191406,107.1078109741211,84.05000305175781
2022-06-22,298.5816650390625,38.69251251220703,171.30999755859375,165.12135314941406,87.65607452392578,279.06536865234375,368.3745422363281,110.0533218383789,80.87999725341797
2022-06-23,300.6695251464844,38.80979537963867,170.25999450683594,167.09902954101562,89.37407684326172,283.2214660644531,371.9855651855469,110.9573974609375,78.9800033569336
2022-06-24,308.78558349609375,39.728485107421875,170.08999633789062,172.27444458007812,91.2764663696289,292.9256286621094,383.8124084472656,109.42143249511719,81.2699966430664
2022-06-27,308.138671875,39.77735137939453,169.89999389648438,172.91400146484375,91.07264709472656,290.77801513671875,382.34637451171875,108.48820495605469,82.93000030517578
2022-06-28,303.218017578125,39.53302001953125,169.6199951171875,169.6670684814453,89.99525451660156,281.9189453125,374.533935546875,108.99370574951172,84.72000122070312
2022-06-29,303.91400146484375,39.37664794921875,169.49000549316406,167.94520568847656,89.45172119140625,282.17742919921875,374.2289123535156,110.69493103027344,82.94999694824219
2022-06-30,301.7281188964844,39.19095230102539,168.4600067138672,166.6365966796875,89.27700805664062,278.6775817871094,371.1885681152344,111.66703033447266,80.3499984741211
2022-07-01,304.6981506347656,38.946617126464844,168.32000732421875,168.65362548828125,90.95616149902344,280.51702880859375,375.1144714355469,112.81348419189453,81.66999816894531
2022-07-05,303.5806884765625,38.64365005493164,164.75,170.05081176757812,90.57762908935547,285.3193664550781,375.8229064941406,113.69985961914062,74.77999877929688
2022-07-06,304.2669372558594,38.409088134765625,162.13999938964844,168.79136657714844,90.56791687011719,287.1488342285156,377.0921630859375,111.79073333740234,73.66999816894531
2022-07-07,307.73687744140625,39.18117904663086,162.22999572753906,172.78607177734375,90.72322082519531,293.2935485839844,382.73992919921875,110.80695343017578,76.55000305175781
2022-07-08,307.2564697265625,39.18117904663086,162.3000030517578,172.7664031982422,90.2767333984375,293.66143798828125,382.4250793457031,109.57966613769531,78.54000091552734
2022-07-11,305.53131103515625,38.13543701171875,161.42999267578125,169.29315185546875,90.10202026367188,287.38751220703125,378.05645751953125,111.46930694580078,78.2300033569336
2022-07-12,303.8356018066406,37.988834381103516,160.8300018310547,168.712646484375,89.64584350585938,284.6034851074219,374.7110290527344,112.13165283203125,72.80999755859375
2022-07-13,301.6595458984375,37.900875091552734,161.60000610351562,168.56507873535156,89.26729583740234,284.0168762207031,372.7431945800781,113.41738891601562,73.19000244140625
2022-07-14,300.3362121582031,37.55881118774414,159.3300018310547,166.8333740234375,88.39374542236328,285.03106689453125,371.83795166015625,112.49203491210938,72.8499984741211
2022-07-15,306.6004333496094,37.754276275634766,159.00999450683594,170.30661010742188,89.89820098876953,290.2013244628906,378.9419860839844,113.12516784667969,73.73999786376953
2022-07-18,304.6293640136719,38.018157958984375,159.16000366210938,169.8245086669922,89.17023468017578,287.7454528808594,375.81304931640625,111.94660186767578,76.80999755859375
2022-07-19,311.94476318359375,38.64365005493164,159.5399932861328,175.81655883789062,91.47058868408203,296.59454345703125,385.9672546386719,111.34268188476562,78.05000305175781
2022-07-20,312.56256103515625,38.477500915527344,158.0399932861328,178.571533203125,91.19881439208984,301.2975158691406,388.42706298828125,111.63489532470703,77.63999938964844
2022-07-21,314.20025634765625,38.91729736328125,160.27000427246094,179.486572265625,91.99472045898438,305.6226501464844,392.38250732421875,113.5634994506836,75.48999786376953
2022-07-22,312.87640380859375,38.5263671875,160.6699981689453,176.62338256835938,92.54796600341797,300.26348876953125,388.7419128417969,115.47261047363281,74.52999877929688
2022-07-25,313.7589416503906,38.6631965637207,160.22999572753906,177.53842163085938,92.68385314941406,298.55328369140625,389.2142028808594,114.34272003173828,76.22000122070312
2022-07-26,311.3858337402344,38.36022186279297,160.0399932861328,176.4462890625,92.74209594726562,292.6870422363281,384.6094055175781,114.43040466308594,75.16000366210938
2022-07-27,315.76922607421875,39.073673248291016,161.6699981689453,180.46066284179688,93.5185775756836,305.055908203125,394.5963439941406,113.78752136230469,77.87000274658203
2022-07-28,318.9268493652344,39.23982238769531,163.63999938964844,182.94012451171875,96.62455749511719,308.03875732421875,399.5455017089844,114.69337463378906,77.12999725341797
2022-07-29,322.29034423828125,39.05412673950195,164.10000610351562,184.23890686035156,97.1875,313.65643310546875,405.370361328125,114.38168334960938,78.05000305175781
2022-08-01,321.6823425292969,38.721832275390625,165.02999877929688,184.17002868652344,96.3721923828125,313.467529296875,404.16998291015625,117.13639831542969,75.12999725341797
2022-08-02,317.7598876953125,38.53614044189453,164.0500030517578,183.99293518066406,95.12979888916016,312.53289794921875,401.5035400390625,114.65782928466797,75.93000030517578
2022-08-03,321.800048828125,38.839115142822266,164.4499969482422,186.69869995117188,95.4306869506836,321.0439758300781,407.7908630371094,116.46309661865234,73.52999877929688
2022-08-04,321.01556396484375,39.11276626586914,167.1699981689453,186.30514526367188,95.38215637207031,322.5453186035156,407.5153503417969,116.4240493774414,71.52999877929688
2022-08-05,321.6136779785156,39.151859283447266,165.2899932861328,187.73182678222656,95.65393829345703,319.91046142578125,406.82659912109375,113.65275573730469,71.54000091552734
2022-08-08,322.05499267578125,39.20072555541992,166.69000244140625,189.71934509277344,96.42071533203125,318.87640380859375,406.3543395996094,115.48726654052734,73.54000091552734
2022-08-09,321.55487060546875,39.05412673950195,167.1999969482422,187.13165283203125,96.9933853149414,315.2672119140625,404.7406921386719,115.03840637207031,73.44999694824219
2022-08-10,326.74237060546875,39.542789459228516,166.77999877929688,192.4743194580078,98.4395980834961,324.0665588378906,413.2418518066406,114.28703308105469,74.31999969482422
2022-08-11,327.2424011230469,39.699161529541016,166.33999633789062,193.1925811767578,98.0998764038086,322.2271728515625,413.2418518066406,111.62305450439453,76.27999877929688
2022-08-12,331.2825927734375,40.119415283203125,167.8699951171875,197.13809204101562,99.6722640991211,328.5010986328125,420.2376403808594,112.75502014160156,74.9800033569336
2022-08-15,332.79278564453125,39.93372344970703,165.7100067138672,197.83670043945312,100.15757751464844,331.15582275390625,421.9693298339844,112.65742492675781,72.87999725341797
2022-08-16,335.1168212890625,39.9239501953125,165.4199981689453,197.7579803466797,99.78874969482422,330.3802795410156,422.79583740234375,113.12581634521484,71.23999786376953
2022-08-17,333.6067199707031,39.75780487060547,164.35000610351562,194.43231201171875,99.37137603759766,326.6119689941406,419.79486083984375,111.94508361816406,72.05000305175781
2022-08-18,333.97930908203125,39.53302001953125,163.9199981689453,195.7212677001953,98.60459899902344,327.3974609375,421.01495361328125,112.11096954345703,74.20999908447266
2022-08-19,331.1457824707031,38.995487213134766,162.72000122070312,191.51991271972656,97.7019271850586,321.0141296386719,415.35736083984375,110.30572509765625,74.05999755859375
2022-08-22,324.9756164550781,38.65342330932617,161.63999938964844,187.5743865966797,95.66363525390625,312.562744140625,406.7085266113281,109.93492889404297,74.68000030517578
2022-08-23,323.35443115234375,38.85866165161133,162.77000427246094,187.87940979003906,94.39213562011719,312.3042297363281,405.724609375,109.32991027832031,76.83000183105469
2022-08-24,324.0913391113281,38.8488883972168,163.25,189.31593322753906,94.95509338378906,313.2090148925781,407.0234069824219,108.52974700927734,78.04000091552734
2022-08-25,327.3237609863281,39.68939208984375,163.75,192.2578582763672,96.42071533203125,318.7471923828125,412.76959228515625,110.04225158691406,76.5
2022-08-26,317.28253173828125,39.102989196777344,161.75999450683594,185.9410858154297,94.05241394042969,305.68231201171875,398.7976989746094,110.8717041015625,75.8499984741211
2022-08-29,315.4845275878906,38.85866165161133,161.86000061035156,184.2290802001953,93.21769714355469,302.66961669921875,396.1607666015625,109.95442962646484,78.69000244140625
2022-08-30,312.47802734375,38.399314880371094,160.50999450683594,181.6511993408203,91.85883331298828,299.29901123046875,391.8117980957031,110.22764587402344,75.47000122070312
2022-08-31,310.12982177734375,38.53614044189453,159.27000427246094,180.54920959472656,91.4900131225586,297.55902099609375,388.8304748535156,109.17376708984375,73.11000061035156
2022-09-01,311.5151672363281,38.23316955566406,157.8699951171875,178.5813751220703,91.65499877929688,297.6882629394531,390.0505676269531,107.17499542236328,70.94999694824219
2022-09-02,308.27288818359375,37.88132858276367,159.25999450683594,177.1940460205078,90.47086334228516,293.48248291015625,385.937744140625,107.78128814697266,71.43000030517578
2022-09-06,306.74017333984375,37.431758880615234,158.3300018310547,175.4426727294922,91.50940704345703,291.37457275390625,384.48150634765625,105.11168670654297,71.41999816894531
2022-09-07,310.79791259765625,37.7640495300293,159.94000244140625,179.26026916503906,93.29534149169922,297.2607116699219,391.388671875,106.7740707397461,67.62000274658203
2022-09-08,312.674560546875,37.55881118774414,158.97999572753906,180.75584411621094,93.56710815429688,298.8018493652344,393.94696044921875,105.67886352539062,68.08999633789062
2022-09-09,316.64385986328125,38.11588668823242,159.82000732421875,184.38648986816406,94.4600830078125,305.3343200683594,400.0670166015625,105.9135513305664,71.0999984741211
2022-09-12,318.89385986328125,38.682743072509766,160.6300048828125,186.61997985839844,95.27539825439453,308.9634094238281,404.36676025390625,105.04325866699219,72.37000274658203
2022-09-13,306.2784118652344,37.49040222167969,158.5399932861328,179.31930541992188,91.75206756591797,292.0208740234375,386.7839050292969,105.28770446777344,72.01000213623047
2022-09-14,306.6026306152344,37.676090240478516,157.92999267578125,180.01791381835938,90.54851531982422,294.3375244140625,388.25982666015625,105.64952087402344,72.7300033569336
2022-09-15,304.9323425292969,37.275386810302734,154.97999572753906,178.70928955078125,88.88876342773438,289.43572998046875,383.851806640625,105.58106994628906,69.76000213623047
2022-09-16,303.4674377441406,36.933319091796875,155.83999633789062,176.1117401123047,88.8208236694336,287.6658935546875,380.9234313964844,104.70098114013672,69.9000015258789
2022-09-19,305.5361633300781,37.05059814453125,155.9600067138672,177.61712646484375,88.70433807373047,289.9060363769531,383.87744140625,104.9454574584961,70.05000305175781
2022-09-20,302.4527893066406,36.845359802246094,155.07000732421875,175.1967010498047,86.53988647460938,287.5951843261719,379.4710998535156,103.89912414550781,69.22000122070312
2022-09-21,297.3203430175781,36.22964096069336,155.7899932861328,172.52041625976562,85.22954559326172,282.44549560546875,372.8516540527344,105.63972473144531,68.68000030517578
2022-09-22,296.0494384765625,36.0537223815918,155.6999969482422,168.63394165039062,84.3851089477539,278.9692077636719,369.71978759765625,102.9407958984375,68.97000122070312
2022-09-23,291.458740234375,35.16434860229492,153.00999450683594,164.6195526123047,83.27861022949219,274.4271240234375,363.52520751953125,103.3613052368164,65.31999969482422
2022-09-26,288.36553955078125,34.73432540893555,151.22999572753906,162.3656005859375,81.02566528320312,273.2916259765625,359.9289245605469,101.385986328125,63.20000076293945
2022-09-27,286.9666748046875,34.69523239135742,151.5399932861328,162.91944885253906,79.86830139160156,273.40118408203125,359.0101623535156,98.71639251708984,64.41999816894531
2022-09-28,292.3158264160156,34.998207092285156,154.69000244140625,168.0721893310547,81.41799926757812,278.8397216796875,366.07415771484375,102.0216064453125,67.12999725341797
2022-09-29,287.86309814453125,34.216339111328125,154.66000366210938,164.3040771484375,79.09345245361328,270.80145263671875,358.42724609375,101.49356842041016,66.7699966430664
2022-09-30,283.026123046875,34.089290618896484,154.6699981689453,163.10736083984375,79.85848236083984,266.2095642089844,352.88470458984375,100.1832046508789,65.27999877929688
2022-10-03,290.4047546386719,34.646366119384766,158.42999267578125,167.4293212890625,81.3493423461914,272.4549255371094,362.2012939453125,101.77507019042969,67.88999938964844
2022-10-04,298.6305236816406,35.78007125854492,160.6999969482422,174.06558227539062,82.928466796875,281.0211181640625,373.4246826171875,101.49080657958984,70.27999877929688
2022-10-05,298.2856750488281,35.799617767333984,159.80999755859375,172.7798614501953,81.27086639404297,280.8717346191406,372.5552673339844,100.52040100097656,71.94000244140625
2022-10-06,294.7786865234375,35.58460235595703,159.6300048828125,171.81063842773438,78.97574615478516,278.6604309082031,368.7120666503906,99.96168518066406,72.98999786376953
2022-10-07,288.6117858886719,34.841835021972656,157.8800048828125,166.7567901611328,77.12199401855469,268.0423278808594,358.42724609375,98.99126434326172,75.0999984741211
2022-10-10,287.6167907714844,34.35316848754883,155.47999572753906,165.82713317871094,76.25888061523438,265.3629150390625,355.6905212402344,97.45233154296875,73.77999877929688
2022-10-11,287.9419250488281,33.80586242675781,155.16000366210938,165.8765869140625,77.10237884521484,261.7173156738281,353.43798828125,97.88362884521484,71.75
2022-10-12,287.8138427734375,33.84495544433594,155.99000549316406,165.42164611816406,76.22945404052734,261.6276550292969,352.2721252441406,98.36392974853516,70.93000030517578
2022-10-13,296.0888366699219,33.942684173583984,154.91000366210938,169.51614379882812,77.47509002685547,267.763427734375,361.5690002441406,97.42294311523438,72.5199966430664
2022-10-14,292.4045715332031,33.43447494506836,152.97999572753906,164.97657775878906,75.49383544921875,259.7151794433594,353.3293151855469,96.6191635131836,70.16999816894531
2022-10-17,297.5665588378906,34.35316848754883,153.4199981689453,170.23812866210938,78.27936553955078,268.2913513183594,362.4088134765625,96.1486587524414,70.12999725341797
2022-10-18,300.9258117675781,34.362937927246094,153.75,172.2556915283203,79.16210174560547,270.4129638671875,366.66693115234375,96.37410736083984,68.69999694824219
2022-10-19,299.822509765625,33.737449645996094,151.69000244140625,169.3282470703125,77.1906509399414,269.4268798828125,364.068603515625,94.6195297241211,70.04000091552734
2022-10-20,298.7979431152344,33.95246124267578,151.4499969482422,167.1721954345703,76.82775115966797,268.0522766113281,361.0157470703125,93.00218200683594,70.18000030517578
2022-10-21,306.4392395019531,34.4704475402832,154.14999389648438,170.80184936523438,77.3573989868164,274.3374938964844,369.7889709472656,91.32603454589844,70.56999969482422
2022-10-24,310.5496826171875,33.160823822021484,153.64999389648438,171.53372192382812,77.29853820800781,277.3555908203125,374.31390380859375,90.57127380371094,70.37999725341797
2022-10-25,313.9405517578125,33.43447494506836,154.0,176.21173095703125,80.37832641601562,283.09295654296875,380.2911071777344,93.2080307006836,70.61000061035156
2022-10-26,313.8320617675781,33.981781005859375,154.97999572753906,177.08206176757812,80.5352554321289,276.8376159667969,377.4259948730469,94.55091857910156,72.97000122070312
2022-10-27,315.88238525390625,33.71790313720703,154.74000549316406,177.12161254882812,80.68238067626953,271.7975158691406,375.4105224609375,95.54093933105469,73.62000274658203
2022-10-28,323.88641357421875,33.512664794921875,153.16000366210938,181.1468963623047,82.47727966308594,280.11468505859375,384.341796875,94.88419342041016,72.81999969482422
2022-10-31,322.74298095703125,33.4149284362793,151.91000366210938,181.3150177001953,82.37919616699219,276.8575744628906,381.5655822753906,94.20784759521484,71.52999877929688
2022-11-01,321.7474060058594,34.03064727783203,153.4600067138672,181.56227111816406,82.22227478027344,274.0287170410156,379.8959045410156,95.0882797241211,73.12000274658203
2022-11-02,316.76953125,33.74721908569336,152.38999938964844,175.53921508789062,80.01541900634766,264.6357727050781,370.36199951171875,94.67557525634766,74.08000183105469
2022-11-03,315.30084228515625,33.942684173583984,151.80999755859375,174.36228942871094,79.95657348632812,259.4661560058594,366.54840087890625,94.16461944580078,73.29000091552734
2022-11-04,319.5098571777344,35.379364013671875,156.47000122070312,176.7161102294922,81.06490325927734,263.63970947265625,371.8241882324219,92.58259582519531,76.81999969482422
2022-11-07,323.72869873046875,35.39891052246094,155.85000610351562,177.51722717285156,81.11393737792969,266.5382385253906,375.38092041015625,91.658935546875,76.55999755859375
2022-11-08,326.9716491699219,35.65301513671875,159.4499969482422,177.58645629882812,81.48665618896484,268.4806213378906,377.4062194824219,92.66120147705078,74.47000122070312
2022-11-09,320.6927185058594,35.037296295166016,158.64999389648438,172.7106475830078,80.68238067626953,262.2850646972656,369.6308898925781,92.9658203125,71.66999816894531
2022-11-10,332.4424133300781,36.307830810546875,163.47999572753906,183.34249877929688,86.55750274658203,281.6387023925781,389.9436340332031,96.54256439208984,72.23999786376953
2022-11-11,332.9648132324219,37.2949333190918,164.55999755859375,184.84576416015625,86.35153198242188,286.8282165527344,393.71771240234375,96.1888198852539,74.37999725341797
2022-11-14,330.97369384765625,37.07014846801758,164.9199981689453,182.77874755859375,84.3702621459961,284.318115234375,390.3684387207031,95.95298767089844,71.91000366210938
2022-11-15,331.4074401855469,37.9204216003418,165.5,185.4886474609375,85.3412857055664,288.2525939941406,393.6979064941406,97.50552368164062,73.25
2022-11-16,331.2694396972656,37.314476013183594,165.1199951171875,182.22491455078125,84.56643676757812,284.318115234375,390.6944885253906,99.6378173828125,72.04000091552734
2022-11-17,331.29901123046875,37.38289260864258,163.9199981689453,180.53370666503906,83.8896713256836,283.6905822753906,389.4990234375,98.58641052246094,70.13999938964844
2022-11-18,333.22601318359375,37.167877197265625,162.7899932861328,181.7007293701172,84.92933654785156,283.7005615234375,391.26751708984375,97.90840148925781,69.02999877929688
2022-11-21,332.9099426269531,36.698760986328125,161.8800048828125,180.75128173828125,85.39031982421875,280.7820739746094,389.8448181152344,98.32109832763672,69.02999877929688
2022-11-22,336.77191162109375,36.786720275878906,162.07000732421875,182.6798553466797,85.82188415527344,284.8261413574219,395.09100341796875,99.7164306640625,69.9800033569336
2022-11-23,337.7497863769531,37.08969497680664,163.0800018310547,183.15457153320312,85.93958282470703,287.684814453125,397.5806579589844,101.45565795898438,67.41000366210938
2022-11-25,339.3005065917969,36.91377258300781,163.22000122070312,183.54029846191406,86.50845336914062,285.79229736328125,397.4917297363281,101.11174011230469,66.95999908447266
2022-11-28,334.3322448730469,36.747623443603516,161.92999267578125,179.84140014648438,84.12506103515625,281.5988464355469,391.14892578125,101.39671325683594,66.87999725341797
2022-11-29,334.3223876953125,37.53926467895508,162.72999572753906,180.36557006835938,85.52763366699219,279.4672546386719,390.4771423339844,100.2077407836914,68.33999633789062
2022-11-30,341.8981628417969,38.62410354614258,164.80999755859375,185.31060791015625,87.45985412597656,292.20697021484375,402.77740478515625,100.9447021484375,70.2300033569336
2022-12-01,340.1795349121094,38.497047424316406,167.83999633789062,184.90513610839844,87.35196685791016,292.5655517578125,402.48101806640625,104.16947174072266,70.44999694824219
2022-12-02,340.5054931640625,38.64365005493164,167.25999450683594,185.98313903808594,87.07733154296875,291.400146484375,402.0166931152344,105.47945404052734,69.83999633789062
2022-12-05,335.85333251953125,38.20384979248047,164.38999938964844,180.86007690429688,85.51782989501953,286.5094909667969,394.7846984863281,104.00202941894531,67.72000122070312
2022-12-06,332.32720947265625,38.15498352050781,164.83999633789062,178.09085083007812,84.71355438232422,280.5728759765625,389.09393310546875,105.34156799316406,65.2300033569336
2022-12-07,332.3074645996094,37.930198669433594,166.3300018310547,177.56668090820312,84.88029479980469,279.4273986816406,388.4320068359375,107.82367706298828,63.650001525878906
2022-12-08,334.3025817871094,38.38954162597656,166.47000122070312,178.8523712158203,85.52763366699219,282.734375,391.4749755859375,107.52818298339844,62.709999084472656
2022-12-09,331.25054931640625,38.13543701171875,167.05999755859375,176.6567840576172,85.41974639892578,280.9314880371094,388.55059814453125,104.73090362548828,62.849998474121094
2022-12-12,336.43609619140625,38.018157958984375,165.67999267578125,178.73370361328125,86.04747772216797,284.4575500488281,394.15240478515625,105.0657730102539,64.41000366210938
2022-12-13,337.61151123046875,38.2900276184082,168.50999450683594,180.21412658691406,87.65469360351562,287.5155029296875,397.1361083984375,106.08029174804688,65.86000061035156
2022-12-14,336.0409851074219,38.309871673583984,168.10000610351562,179.0317840576172,87.06089782714844,285.3839111328125,394.5970153808594,106.53337097167969,67.36000061035156
2022-12-15,328.71209716796875,37.42679214477539,165.35000610351562,174.55075073242188,85.81391143798828,275.8017272949219,384.9444885253906,106.94904327392578,66.1500015258789
2022-12-16,325.6630859375,37.53593826293945,166.7899932861328,173.24917602539062,83.64653778076172,273.1720886230469,380.3997802734375,105.75436401367188,64.9000015258789
2022-12-19,324.0891418457031,37.56570053100586,166.32000732421875,170.90435791015625,82.65687561035156,269.3330383300781,377.1741027832031,103.97714233398438,66.06999969482422
2022-12-20,325.0790710449219,37.55577850341797,169.0800018310547,171.80850219726562,82.42926025390625,269.1233825683594,377.69024658203125,102.13081359863281,66.22000122070312
2022-12-21,330.24658203125,37.89313507080078,168.8000030517578,174.7693328857422,83.2803726196289,273.02734375,383.3376159667969,102.38751983642578,68.05999755859375
2022-12-22,326.9401550292969,37.55577850341797,166.75999450683594,172.48414611816406,82.94387817382812,266.3476867675781,377.8688659667969,102.36776733398438,67.69999694824219
2022-12-23,328.59332275390625,37.506168365478516,167.25999450683594,173.26904296875,83.65644073486328,266.94671630859375,380.04248046875,100.86700439453125,69.31999969482422
2022-12-27,329.0289306640625,38.06181716918945,168.6699981689453,172.1065673828125,83.59706115722656,263.1725769042969,378.5437927246094,98.8725814819336,69.52999877929688
2022-12-28,325.26715087890625,37.506168365478516,167.91000366210938,169.43386840820312,82.18184661865234,259.6979675292969,373.8392639160156,98.29004669189453,68.58000183105469
2022-12-29,328.7220764160156,38.13127136230469,168.85000610351562,173.72610473632812,84.01272583007812,266.0281677246094,380.5685119628906,99.40574645996094,68.52999877929688
2022-12-30,327.9993896484375,37.60539245605469,169.63999938964844,173.23924255371094,83.31995391845703,265.868408203125,379.5660400390625,98.29991149902344,70.11000061035156
